{
  "steps_done": 400000,
  "cycles_done": 400000,
  "sample_count": 400000,
  "chains": 4,
  "energy": {
    "mean": -1.06298283905345,
    "stderr": 0.0027478872545414583
  },
  "quasiparticle_weight": {
    "mean": 0.5267745154319065,
    "stderr": 0.0013806909969149548
  },
  "target_energy": -1.013,
  "target_quasiparticle_weight": 0.95,
  "energy_delta": -0.04998283905345002,
  "quasiparticle_weight_delta": -0.4232254845680935,
  "zeroth_mean": 0.4868325,
  "mean_order": 0.8515575,
  "finite_selfenergy_bins": 4000,
  "total_selfenergy_bins": 4000,
  "final_energy_estimate": -1.0745649102327013,
  "energy_estimate_history": [
    -1.0168,
    -0.7788960141719862,
    -1.1258960719389783,
    -0.9274788923198704,
    -1.1704039958550037,
    -0.9161706260868218,
    -1.0287046878653918,
    -1.046606559423821,
    -0.879606686460206,
    -1.0339427960931293,
    -1.0168,
    -0.7296823112743194,
    -0.5032675852452622,
    -1.182159353964633,
    -0.9216713373255779,
    -0.6810446432220485,
    -1.0763402618074638,
    -1.0160731152013538,
    -0.9833872159935501,
    -0.9030234331312169,
    -1.0168,
    -0.5226098174212874,
    -1.3188249740717035,
    -0.7145789269496057,
    -1.1316251105126733,
    -1.1226700911312641,
    -1.0114425330945833,
    -0.9027875450950024,
    -1.0789066610439209,
    -1.018956227175761,
    -1.0168,
    -3.584701044237303,
    -0.7761200641592274,
    -0.7659514845520554,
    -1.3333226180321236,
    -0.9957990370683527,
    -1.13729574262471,
    -1.0553053994783363,
    -1.0083125936983253,
    -1.0745649102327013
  ]
}