{
  "config": {
    "REPS": 5,
    "N_BIG": 5000000,
    "N_SMALL": 500000,
    "core": "0"
  },
  "raw": {
    "cpp_big_wall": {
      "median": 2.573073532024864,
      "min": 2.5631363540014718,
      "max": 2.6051182800147217,
      "n": 5,
      "raw": [
        2.5631,
        2.5689,
        2.5731,
        2.576,
        2.6051
      ]
    },
    "cpp_ez": [
      -1.938211410570716,
      0.002799505534432395,
      0.8549194559791715,
      0.003116978754880468,
      null
    ],
    "cpp_small_wall": {
      "median": 2.6188636439910624,
      "min": 2.5823651760001667,
      "max": 2.633905605005566,
      "n": 5,
      "raw": [
        2.5824,
        2.6236,
        2.6339,
        2.6179,
        2.6189
      ]
    },
    "rust_rel_engine": {
      "median": 47.939851503,
      "min": 46.318894366,
      "max": 48.844224554,
      "n": 5,
      "raw": [
        47.8502,
        48.238,
        48.8442,
        46.3189,
        47.9399
      ]
    },
    "rust_rel_ez": [
      0.0,
      0.0,
      1.0,
      0.0,
      0.847568
    ],
    "rust_rel_e2e": {
      "median": 55.08550639098394,
      "min": 50.22862438601442,
      "max": 59.16654365998693,
      "n": 5,
      "raw": [
        50.2286,
        59.1665,
        52.8579,
        55.0855,
        55.6306
      ]
    },
    "rust_rel_e2e_ez": [
      0.0,
      0.0,
      1.0,
      0.0,
      0.847568
    ],
    "rust_tuned_engine": {
      "median": 57.608729815,
      "min": 55.236377925,
      "max": 57.721959484,
      "n": 5,
      "raw": [
        55.2364,
        56.9134,
        57.7005,
        57.722,
        57.6087
      ]
    },
    "rust_tuned_ez": [
      0.0,
      0.0,
      1.0,
      0.0,
      0.847568
    ],
    "rust_tuned_e2e": {
      "median": 57.766317346016876,
      "min": 56.93041777101462,
      "max": 58.18905609397916,
      "n": 5,
      "raw": [
        57.7663,
        58.1891,
        56.9304,
        58.1819,
        57.21
      ]
    }
  },
  "tier2_engine_steps_per_sec": {
    "cpp_two_point": -98274492.1724988,
    "rust_release": 104297.36103139802,
    "rust_tuned": 86792.4013609846
  },
  "tier1_e2e_wall_median_s": {
    "cpp": 2.573073532024864,
    "rust_release": 55.08550639098394,
    "rust_tuned": 57.766317346016876
  }
}